<?xml version="1.0" encoding="UTF-8"?>
<jcr:root xmlns:sling="http://sling.apache.org/jcr/sling/1.0" xmlns:cq="http://www.day.com/jcr/cq/1.0" xmlns:jcr="http://www.jcp.org/jcr/1.0" xmlns:nt="http://www.jcp.org/jcr/nt/1.0" xmlns:rep="internal"
    jcr:mixinTypes="[rep:AccessControllable]"
    jcr:primaryType="cq:Page">
    <wcm jcr:primaryType="nt:unstructured">
        <foundation jcr:primaryType="nt:unstructured">
            <components jcr:primaryType="nt:unstructured">
                <responsivegrid jcr:primaryType="nt:unstructured">
                    <content-default
                        jcr:description="Policy for editable layout containers"
                        jcr:primaryType="nt:unstructured"
                        jcr:title="EY GDS Site Default"
                        sling:resourceType="wcm/core/components/policy/policy"
                        components="[group:GDS.Content.Content,/apps/gds/components/form/container,group:GDS.Content.Structure]"
                        policyResourceType="wcm/foundation/components/responsivegrid">
                        <cq:authoring jcr:primaryType="nt:unstructured">
                            <assetToComponentMapping jcr:primaryType="nt:unstructured">
                                <image
                                    jcr:primaryType="nt:unstructured"
                                    assetGroup="media"
                                    assetMimetype="image/*"
                                    droptarget="image"
                                    resourceType="gds/components/content/image"
                                    type="Images"/>
                            </assetToComponentMapping>
                        </cq:authoring>
                        <jcr:content
                            jcr:primaryType="nt:unstructured"
                            mergeList="{Boolean}true"/>
                    </content-default>
                    <policy_xfm
                        jcr:primaryType="nt:unstructured"
                        jcr:title="EY GDS Site Experience Fragment"
                        sling:resourceType="wcm/core/components/policy/policy"
                        components="[/libs/wcm/foundation/components/responsivegrid,group:GDS.Content.Content,group:GDS.Content.Form,group:GDS.Content.Structure]">
                        <jcr:content jcr:primaryType="nt:unstructured"/>
                        <cq:authoring jcr:primaryType="nt:unstructured">
                            <assetToComponentMapping jcr:primaryType="nt:unstructured">
                                <mapping_1568417184586
                                    jcr:primaryType="nt:unstructured"
                                    assetGroup="media"
                                    assetMimetype="image/*"
                                    droptarget="image"
                                    resourceType="gds/components/content/image"/>
                                <mapping_1570048100274
                                    jcr:primaryType="nt:unstructured"
                                    assetGroup="content"
                                    assetMimetype="text/html"
                                    droptarget="experiencefragment"
                                    resourceType="gds/components/content/experiencefragment"/>
                                <mapping_1570048111074
                                    jcr:primaryType="nt:unstructured"
                                    assetGroup="media"
                                    assetMimetype="[text/html,application/vnd.adobe.contentfragment]"
                                    droptarget="contentfragment"
                                    resourceType="gds/components/content/contentfragment"/>
                            </assetToComponentMapping>
                        </cq:authoring>
                    </policy_xfm>
                    <policy_40046061939800
                        jcr:lastModified="{Date}2020-02-07T21:41:11.494+05:30"
                        jcr:lastModifiedBy="admin"
                        jcr:primaryType="nt:unstructured"
                        jcr:title="EY GDS Root Policy"
                        sling:resourceType="wcm/core/components/policy/policy"
                        components="group:GDS.Content.Structure">
                        <jcr:content jcr:primaryType="nt:unstructured"/>
                    </policy_40046061939800>
                    <policy_40176661539700
                        cq:styleDefaultClasses="cmp-layout-container--fixed"
                        jcr:lastModified="{Date}2020-02-08T17:37:35.683+05:30"
                        jcr:lastModifiedBy="admin"
                        jcr:primaryType="nt:unstructured"
                        jcr:title="EY GDS Content Policy"
                        sling:resourceType="wcm/core/components/policy/policy"
                        components="[/libs/wcm/foundation/components/responsivegrid,/apps/gds/components/content/breadcrumb,/apps/gds/components/content/carousel,/apps/gds/components/content/image,/apps/gds/components/content/list,/apps/gds/components/content/separator,/apps/gds/components/content/teaser,/apps/gds/components/content/text,/apps/gds/components/content/title,group:GDS.Content.Structure]">
                        <jcr:content jcr:primaryType="nt:unstructured"/>
                        <cq:authoring jcr:primaryType="nt:unstructured">
                            <assetToComponentMapping jcr:primaryType="nt:unstructured">
                                <mapping_1581092058009
                                    jcr:primaryType="nt:unstructured"
                                    assetGroup="media"
                                    assetMimetype="image/^"
                                    droptarget="image"
                                    resourceType="gds/components/content/image"/>
                            </assetToComponentMapping>
                        </cq:authoring>
                    </policy_40176661539700>
                    <policy_43637421118400
                        jcr:lastModified="{Date}2020-02-07T22:54:38.687+05:30"
                        jcr:lastModifiedBy="admin"
                        jcr:primaryType="nt:unstructured"
                        jcr:title="EY GDS Layout Container Policy"
                        sling:resourceType="wcm/core/components/policy/policy">
                        <jcr:content jcr:primaryType="nt:unstructured"/>
                        <cq:styleGroups jcr:primaryType="nt:unstructured">
                            <item0 jcr:primaryType="nt:unstructured">
                                <cq:styles jcr:primaryType="nt:unstructured">
                                    <item0
                                        cq:styleId="1581095463909"
                                        cq:styleLabel="Full Width"
                                        jcr:primaryType="nt:unstructured"/>
                                    <item1
                                        cq:styleClasses="cmp-layout-container--fixed"
                                        cq:styleId="1581095486412"
                                        cq:styleLabel="Fixed Width"
                                        jcr:primaryType="nt:unstructured"/>
                                </cq:styles>
                            </item0>
                        </cq:styleGroups>
                    </policy_43637421118400>
                    <policy_1581096926713
                        cq:styleDefaultClasses="cmp-layout-container--footer"
                        jcr:lastModified="{Date}2020-02-08T17:42:06.462+05:30"
                        jcr:lastModifiedBy="admin"
                        jcr:primaryType="nt:unstructured"
                        jcr:title="EY GDS Footer Policy"
                        sling:resourceType="wcm/core/components/policy/policy"
                        components="[/libs/wcm/foundation/components/responsivegrid,group:GDS.Content.Content,group:GDS.Content.Structure]">
                        <jcr:content jcr:primaryType="nt:unstructured"/>
                    </policy_1581096926713>
                </responsivegrid>
            </components>
        </foundation>
    </wcm>
    <gds jcr:primaryType="nt:unstructured">
        <components jcr:primaryType="nt:unstructured">
            <form jcr:primaryType="nt:unstructured">
                <container jcr:primaryType="nt:unstructured">
                    <form-container
                        jcr:primaryType="nt:unstructured"
                        jcr:title="EY GDS Site Form"
                        sling:resourceType="wcm/core/components/policy/policy"
                        components="[/apps/gds/components/form/button,/apps/gds/components/form/hidden,/apps/gds/components/form/options,/apps/gds/components/form/text]">
                        <jcr:content jcr:primaryType="nt:unstructured"/>
                    </form-container>
                </container>
            </form>
            <content jcr:primaryType="nt:unstructured">
                <button jcr:primaryType="nt:unstructured">
                    <policy_xfm
                        jcr:primaryType="nt:unstructured"
                        jcr:title="EY GDS Site Button - Experience Fragment"
                        sling:resourceType="wcm/core/components/policy/policy">
                        <jcr:content jcr:primaryType="nt:unstructured"/>
                    </policy_xfm>
                </button>
                <languagenavigation jcr:primaryType="nt:unstructured">
                    <policy_xfm
                        jcr:primaryType="nt:unstructured"
                        jcr:title="EY GDS Site Language Navigation - Experience Fragment"
                        sling:resourceType="wcm/core/components/policy/policy"
                        navigationRoot="/content/gds"
                        structureDepth="1">
                        <jcr:content jcr:primaryType="nt:unstructured"/>
                    </policy_xfm>
                </languagenavigation>
                <image jcr:primaryType="nt:unstructured">
                    <policy_xfm
                        jcr:primaryType="nt:unstructured"
                        jcr:title="EY GDS Site Image - Experience Fragment"
                        sling:resourceType="wcm/core/components/policy/policy"
                        allowedRenditionWidths="[300,400,500,600,700,800,900,1000,1100,1200]"
                        allowUpload="true"
                        altValueFromDAM="true"
                        disableLazyLoading="false"
                        displayPopupTitle="true"
                        isDecorative="false"
                        jpegQuality="{Long}100"
                        titleValueFromDAM="true"
                        uuidDisabled="true">
                        <jcr:content jcr:primaryType="nt:unstructured"/>
                        <plugins jcr:primaryType="nt:unstructured">
                            <crop
                                jcr:primaryType="nt:unstructured"
                                features="*">
                                <aspectRatios jcr:primaryType="nt:unstructured">
                                    <item0
                                        jcr:primaryType="nt:unstructured"
                                        name="Wide Landscape"
                                        ratio="0.6180"/>
                                    <item1
                                        jcr:primaryType="nt:unstructured"
                                        name="Landscape"
                                        ratio="0.8284"/>
                                    <item2
                                        jcr:primaryType="nt:unstructured"
                                        name="Square"
                                        ratio="1"/>
                                    <item3
                                        jcr:primaryType="nt:unstructured"
                                        name="Portrait"
                                        ratio="1.6180"/>
                                </aspectRatios>
                            </crop>
                            <rotate
                                jcr:primaryType="nt:unstructured"
                                features="right"/>
                            <flip
                                jcr:primaryType="nt:unstructured"
                                features="-"/>
                        </plugins>
                    </policy_xfm>
                </image>
                <text jcr:primaryType="nt:unstructured">
                    <policy_xfm
                        jcr:primaryType="nt:unstructured"
                        jcr:title="EY GDS Site Text - Experience Fragments"
                        sling:resourceType="wcm/core/components/policy/policy">
                        <jcr:content jcr:primaryType="nt:unstructured"/>
                        <rtePlugins jcr:primaryType="nt:unstructured">
                            <paraformat
                                jcr:primaryType="nt:unstructured"
                                features="-">
                                <formats
                                    jcr:primaryType="nt:unstructured"
                                    override="true">
                                    <item0
                                        jcr:primaryType="nt:unstructured"
                                        description="Paragraph"
                                        tag="p"/>
                                    <item1
                                        jcr:primaryType="nt:unstructured"
                                        description="Heading 1"
                                        tag="h1"/>
                                    <item2
                                        jcr:primaryType="nt:unstructured"
                                        description="Heading 2"
                                        tag="h2"/>
                                    <item3
                                        jcr:primaryType="nt:unstructured"
                                        description="Heading 3"
                                        tag="h3"/>
                                    <item4
                                        jcr:primaryType="nt:unstructured"
                                        description="Heading 4"
                                        tag="h4"/>
                                    <item5
                                        jcr:primaryType="nt:unstructured"
                                        description="Heading 5"
                                        tag="h5"/>
                                    <item6
                                        jcr:primaryType="nt:unstructured"
                                        description="Heading 6"
                                        tag="h6"/>
                                    <item7
                                        jcr:primaryType="nt:unstructured"
                                        description="Quote"
                                        tag="blockquote"/>
                                    <item8
                                        jcr:primaryType="nt:unstructured"
                                        description="Horizontal Rule (visual line break)"
                                        tag="hr"/>
                                    <item9
                                        jcr:primaryType="nt:unstructured"
                                        description="Preformatted"
                                        tag="pre"/>
                                </formats>
                            </paraformat>
                            <misctools
                                jcr:primaryType="nt:unstructured"
                                features="-">
                                <specialCharsConfig jcr:primaryType="nt:unstructured">
                                    <chars
                                        jcr:primaryType="nt:unstructured"
                                        override="true">
                                        <item0
                                            jcr:primaryType="nt:unstructured"
                                            entity="&amp;copy;"
                                            name="copyright"/>
                                        <item1
                                            jcr:primaryType="nt:unstructured"
                                            entity="&amp;euro;"
                                            name="euro"/>
                                        <item2
                                            jcr:primaryType="nt:unstructured"
                                            entity="&amp;reg;"
                                            name="registered"/>
                                        <item3
                                            jcr:primaryType="nt:unstructured"
                                            entity="&amp;trade;"
                                            name="trademark"/>
                                    </chars>
                                </specialCharsConfig>
                            </misctools>
                            <edit
                                jcr:primaryType="nt:unstructured"
                                features="-"/>
                            <findreplace
                                jcr:primaryType="nt:unstructured"
                                features="-"/>
                            <undo
                                jcr:primaryType="nt:unstructured"
                                features="-"/>
                            <spellcheck
                                jcr:primaryType="nt:unstructured"
                                features="-"/>
                            <image
                                jcr:primaryType="nt:unstructured"
                                features="-"/>
                            <table
                                jcr:primaryType="nt:unstructured"
                                features="-"/>
                            <lists
                                jcr:primaryType="nt:unstructured"
                                features="*"/>
                            <justify
                                jcr:primaryType="nt:unstructured"
                                features="-"/>
                            <format
                                jcr:primaryType="nt:unstructured"
                                features="bold,italic"/>
                            <links
                                jcr:primaryType="nt:unstructured"
                                features="modifylink,unlink"/>
                            <subsuperscript
                                jcr:primaryType="nt:unstructured"
                                features="-"/>
                        </rtePlugins>
                    </policy_xfm>
                </text>
                <title jcr:primaryType="nt:unstructured">
                    <policy_xfm
                        jcr:primaryType="nt:unstructured"
                        jcr:title="EY GDS Site Title - Experience Fragments"
                        sling:resourceType="wcm/core/components/policy/policy"
                        allowedTypes="[h1,h2,h3,h4,h5,h6]"
                        linkDisabled="false"
                        type="h1">
                        <jcr:content jcr:primaryType="nt:unstructured"/>
                    </policy_xfm>
                    <policy_43200267816100
                        jcr:lastModified="{Date}2020-02-07T22:34:37.049+05:30"
                        jcr:lastModifiedBy="admin"
                        jcr:primaryType="nt:unstructured"
                        jcr:title="GDS Title - Article"
                        sling:resourceType="wcm/core/components/policy/policy"
                        allowedTypes="[h1,h2,h3,h4,h5,h6]"
                        linkDisabled="false"
                        type="h1">
                        <jcr:content jcr:primaryType="nt:unstructured"/>
                        <cq:styleGroups jcr:primaryType="nt:unstructured">
                            <item0 jcr:primaryType="nt:unstructured">
                                <cq:styles jcr:primaryType="nt:unstructured">
                                    <item0
                                        cq:styleClasses="cmp-title--underline"
                                        cq:styleId="1581095041181"
                                        cq:styleLabel="underline"
                                        jcr:primaryType="nt:unstructured"/>
                                </cq:styles>
                            </item0>
                        </cq:styleGroups>
                    </policy_43200267816100>
                </title>
                <experiencefragment jcr:primaryType="nt:unstructured">
                    <policy_header
                        jcr:primaryType="nt:unstructured"
                        jcr:title="EY GDS Site Experience Fragment - Header"
                        sling:resourceType="wcm/core/components/policy/policy">
                        <jcr:content jcr:primaryType="nt:unstructured"/>
                    </policy_header>
                    <policy_footer
                        jcr:primaryType="nt:unstructured"
                        jcr:title="EY GDS Site Experience Fragment - Footer"
                        sling:resourceType="wcm/core/components/policy/policy">
                        <jcr:content jcr:primaryType="nt:unstructured"/>
                    </policy_footer>
                </experiencefragment>
                <teaser jcr:primaryType="nt:unstructured">
                    <policy_1581159427698
                        jcr:lastModified="{Date}2020-02-08T16:38:28.624+05:30"
                        jcr:lastModifiedBy="admin"
                        jcr:primaryType="nt:unstructured"
                        jcr:title="EY GDS Teaser Policy"
                        sling:resourceType="wcm/core/components/policy/policy">
                        <jcr:content jcr:primaryType="nt:unstructured"/>
                        <cq:styleGroups jcr:primaryType="nt:unstructured">
                            <item0 jcr:primaryType="nt:unstructured">
                                <cq:styles jcr:primaryType="nt:unstructured">
                                    <item0
                                        cq:styleClasses="cmp-teaser--card"
                                        cq:styleId="1581159453060"
                                        cq:styleLabel="card"
                                        jcr:primaryType="nt:unstructured"/>
                                    <item1
                                        cq:styleClasses="cmp-teaser--slide"
                                        cq:styleId="1581160092809"
                                        cq:styleLabel="Slide "
                                        jcr:primaryType="nt:unstructured"/>
                                </cq:styles>
                            </item0>
                        </cq:styleGroups>
                    </policy_1581159427698>
                </teaser>
                <carousel jcr:primaryType="nt:unstructured">
                    <policy_1581159509975
                        cq:styleDefaultClasses="cmp-carousel--hero"
                        jcr:lastModified="{Date}2020-02-08T16:47:25.131+05:30"
                        jcr:lastModifiedBy="admin"
                        jcr:primaryType="nt:unstructured"
                        jcr:title="EY GDS Carousel Policy"
                        sling:resourceType="wcm/core/components/policy/policy"
                        autopauseDisabled="false"
                        autoplay="false"
                        components="/apps/gds/components/content/teaser"
                        delay="5000">
                        <jcr:content jcr:primaryType="nt:unstructured"/>
                    </policy_1581159509975>
                </carousel>
            </content>
            <structure jcr:primaryType="nt:unstructured">
                <page jcr:primaryType="nt:unstructured">
                    <policy_xfm
                        jcr:primaryType="nt:unstructured"
                        jcr:title="EY GDS Site Experience Fragment"
                        sling:resourceType="wcm/core/components/policy/policy"
                        clientlibs="[gds.dependencies,gds.site]"
                        clientlibsJsHead="gds.dependencies">
                        <jcr:content jcr:primaryType="nt:unstructured"/>
                    </policy_xfm>
                    <policy_content_page
                        jcr:primaryType="nt:unstructured"
                        jcr:title="EY GDS Site Page Policy"
                        sling:resourceType="wcm/core/components/policy/policy"
                        clientlibs="[gds.dependencies,gds.site]"
                        clientlibsJsHead="gds.dependencies">
                        <jcr:content jcr:primaryType="nt:unstructured"/>
                    </policy_content_page>
                </page>
                <navigation jcr:primaryType="nt:unstructured">
                    <policy_1581097627430
                        cq:styleDefaultClasses="cmp-navigation--footer"
                        jcr:lastModified="{Date}2020-02-08T17:41:46.435+05:30"
                        jcr:lastModifiedBy="admin"
                        jcr:primaryType="nt:unstructured"
                        jcr:title="Navigation - Footer"
                        sling:resourceType="wcm/core/components/policy/policy"
                        collectAllPages="true"
                        navigationRoot="/content/gds/en"
                        skipNavigationRoot="true">
                        <jcr:content jcr:primaryType="nt:unstructured"/>
                    </policy_1581097627430>
                </navigation>
            </structure>
        </components>
    </gds>
    <rep:policy/>
</jcr:root>
